<annotation>
  <folder>pa</folder>
  <filename>patches_24</filename>
  <source>
    		<database>NEU-DET</database>
  </source>
  <size>
    <width>200</width>
    <height>200</height>
    <depth>1</depth>
  </size>
  <segmented>0</segmented>
  <object>
    <name>patches</name>
    <pose>Unspecified</pose>
    <truncated>0</truncated>
    <difficult>0</difficult>
    <bndbox>
      <xmin>1</xmin>
      <ymin>14</ymin>
      <xmax>37</xmax>
      <ymax>200</ymax>
    </bndbox>
  </object>
  <object>
    <name>patches</name>
    <pose>Unspecified</pose>
    <truncated>0</truncated>
    <difficult>0</difficult>
    <bndbox>
      <xmin>135</xmin>
      <ymin>10</ymin>
      <xmax>185</xmax>
      <ymax>76</ymax>
    </bndbox>
  </object>
  <object>
    <name>patches</name>
    <pose>Unspecified</pose>
    <truncated>0</truncated>
    <difficult>0</difficult>
    <bndbox>
      <xmin>155</xmin>
      <ymin>96</ymin>
      <xmax>198</xmax>
      <ymax>142</ymax>
    </bndbox>
  </object>
</annotation>
