<annotation>
	<folder>pa</folder>
	<filename>patches_235.jpg</filename>
	<source>
		<database>NEU-DET</database>
	</source>
	<size>
		<width>200</width>
		<height>200</height>
		<depth>1</depth>
	</size>
	<segmented>0</segmented>
	<object>
		<name>patches</name>
		<pose>Unspecified</pose>
		<truncated>0</truncated>
		<difficult>0</difficult>
		<bndbox>
			<xmin>12</xmin>
			<ymin>71</ymin>
			<xmax>68</xmax>
			<ymax>123</ymax>
		</bndbox>
	</object>
	<object>
		<name>patches</name>
		<pose>Unspecified</pose>
		<truncated>1</truncated>
		<difficult>0</difficult>
		<bndbox>
			<xmin>107</xmin>
			<ymin>1</ymin>
			<xmax>177</xmax>
			<ymax>140</ymax>
		</bndbox>
	</object>
	<object>
		<name>patches</name>
		<pose>Unspecified</pose>
		<truncated>1</truncated>
		<difficult>0</difficult>
		<bndbox>
			<xmin>91</xmin>
			<ymin>128</ymin>
			<xmax>179</xmax>
			<ymax>200</ymax>
		</bndbox>
	</object>
</annotation>
