<annotation>
	<folder>pa</folder>
	<filename>patches_46.jpg</filename>
	<source>
		<database>NEU-DET</database>
	</source>
	<size>
		<width>200</width>
		<height>200</height>
		<depth>1</depth>
	</size>
	<segmented>0</segmented>
	<object>
		<name>patches</name>
		<pose>Unspecified</pose>
		<truncated>0</truncated>
		<difficult>0</difficult>
		<bndbox>
			<xmin>69</xmin>
			<ymin>91</ymin>
			<xmax>125</xmax>
			<ymax>187</ymax>
		</bndbox>
	</object>
	<object>
		<name>patches</name>
		<pose>Unspecified</pose>
		<truncated>0</truncated>
		<difficult>0</difficult>
		<bndbox>
			<xmin>85</xmin>
			<ymin>2</ymin>
			<xmax>134</xmax>
			<ymax>84</ymax>
		</bndbox>
	</object>
	<object>
		<name>patches</name>
		<pose>Unspecified</pose>
		<truncated>0</truncated>
		<difficult>0</difficult>
		<bndbox>
			<xmin>145</xmin>
			<ymin>29</ymin>
			<xmax>177</xmax>
			<ymax>79</ymax>
		</bndbox>
	</object>
</annotation>
