<annotation>
	<folder>pa</folder>
	<filename>patches_233.jpg</filename>
	<source>
		<database>NEU-DET</database>
	</source>
	<size>
		<width>200</width>
		<height>200</height>
		<depth>1</depth>
	</size>
	<segmented>0</segmented>
	<object>
		<name>patches</name>
		<pose>Unspecified</pose>
		<truncated>0</truncated>
		<difficult>0</difficult>
		<bndbox>
			<xmin>68</xmin>
			<ymin>12</ymin>
			<xmax>169</xmax>
			<ymax>153</ymax>
		</bndbox>
	</object>
	<object>
		<name>patches</name>
		<pose>Unspecified</pose>
		<truncated>0</truncated>
		<difficult>0</difficult>
		<bndbox>
			<xmin>26</xmin>
			<ymin>127</ymin>
			<xmax>111</xmax>
			<ymax>186</ymax>
		</bndbox>
	</object>
</annotation>
