<annotation>
  <folder>pa</folder>
  <filename>patches_209</filename>
  <source>
		<database>NEU-DET</database>
  </source>
  <size>
    <width>200</width>
    <height>200</height>
    <depth>1</depth>
  </size>
  <segmented>0</segmented>
  <object>
    <name>patches</name>
    <pose>Unspecified</pose>
    <truncated>0</truncated>
    <difficult>0</difficult>
    <bndbox>
      <xmin>1</xmin>
      <ymin>1</ymin>
      <xmax>86</xmax>
      <ymax>140</ymax>
    </bndbox>
  </object>
  <object>
    <name>patches</name>
    <pose>Unspecified</pose>
    <truncated>0</truncated>
    <difficult>0</difficult>
    <bndbox>
      <xmin>28</xmin>
      <ymin>149</ymin>
      <xmax>129</xmax>
      <ymax>199</ymax>
    </bndbox>
  </object>
  <object>
    <name>patches</name>
    <pose>Unspecified</pose>
    <truncated>0</truncated>
    <difficult>0</difficult>
    <bndbox>
      <xmin>89</xmin>
      <ymin>1</ymin>
      <xmax>180</xmax>
      <ymax>144</ymax>
    </bndbox>
  </object>
</annotation>
