<annotation>
  <folder>pa</folder>
  <filename>patches_205</filename>
  <source>
		<database>NEU-DET</database>
  </source>
  <size>
    <width>200</width>
    <height>200</height>
    <depth>1</depth>
  </size>
  <segmented>0</segmented>
  <object>
    <name>patches</name>
    <pose>Unspecified</pose>
    <truncated>0</truncated>
    <difficult>0</difficult>
    <bndbox>
      <xmin>1</xmin>
      <ymin>1</ymin>
      <xmax>74</xmax>
      <ymax>96</ymax>
    </bndbox>
  </object>
  <object>
    <name>patches</name>
    <pose>Unspecified</pose>
    <truncated>0</truncated>
    <difficult>0</difficult>
    <bndbox>
      <xmin>1</xmin>
      <ymin>103</ymin>
      <xmax>70</xmax>
      <ymax>200</ymax>
    </bndbox>
  </object>
  <object>
    <name>patches</name>
    <pose>Unspecified</pose>
    <truncated>0</truncated>
    <difficult>0</difficult>
    <bndbox>
      <xmin>108</xmin>
      <ymin>58</ymin>
      <xmax>195</xmax>
      <ymax>200</ymax>
    </bndbox>
  </object>
</annotation>
