<annotation>
  <folder>pa</folder>
  <filename>patches_21</filename>
  <source>
    <database>NEU-DET</database>
  </source>
  <size>
    <width>200</width>
    <height>200</height>
    <depth>1</depth>
  </size>
  <segmented>0</segmented>
  <object>
    <name>patches</name>
    <pose>Unspecified</pose>
    <truncated>0</truncated>
    <difficult>0</difficult>
    <bndbox>
      <xmin>32</xmin>
      <ymin>1</ymin>
      <xmax>109</xmax>
      <ymax>180</ymax>
    </bndbox>
  </object>
  <object>
    <name>patches</name>
    <pose>Unspecified</pose>
    <truncated>0</truncated>
    <difficult>0</difficult>
    <bndbox>
      <xmin>119</xmin>
      <ymin>1</ymin>
      <xmax>190</xmax>
      <ymax>199</ymax>
    </bndbox>
  </object>
</annotation>
