<annotation>
  <folder>pa</folder>
  <filename>patches_208</filename>
  <source>
		<database>NEU-DET</database>
  </source>
  <size>
    <width>200</width>
    <height>200</height>
    <depth>1</depth>
  </size>
  <segmented>0</segmented>
  <object>
    <name>patches</name>
    <pose>Unspecified</pose>
    <truncated>0</truncated>
    <difficult>0</difficult>
    <bndbox>
      <xmin>57</xmin>
      <ymin>47</ymin>
      <xmax>143</xmax>
      <ymax>198</ymax>
    </bndbox>
  </object>
  <object>
    <name>patches</name>
    <pose>Unspecified</pose>
    <truncated>0</truncated>
    <difficult>0</difficult>
    <bndbox>
      <xmin>17</xmin>
      <ymin>128</ymin>
      <xmax>64</xmax>
      <ymax>171</ymax>
    </bndbox>
  </object>
</annotation>
