<annotation>
	<folder>ps</folder>
	<filename>pitted_surface_238.jpg</filename>
	<source>
  		 <database>NEU-DET</database>
	</source>
	<size>
		<width>200</width>
		<height>200</height>
		<depth>1</depth>
	</size>
	<segmented>0</segmented>
	<object>
		<name>pitted_surface</name>
		<pose>Unspecified</pose>
		<truncated>1</truncated>
		<difficult>0</difficult>
		<bndbox>
			<xmin>1</xmin>
			<ymin>15</ymin>
			<xmax>82</xmax>
			<ymax>196</ymax>
		</bndbox>
	</object>
	<object>
		<name>pitted_surface</name>
		<pose>Unspecified</pose>
		<truncated>0</truncated>
		<difficult>0</difficult>
		<bndbox>
			<xmin>52</xmin>
			<ymin>23</ymin>
			<xmax>185</xmax>
			<ymax>199</ymax>
		</bndbox>
	</object>
</annotation>
