<annotation>
  <folder>ps</folder>
  <filename>pitted_surface_116</filename>
  <source>
		<database>NEU-DET</database>
  </source>
  <size>
    <width>200</width>
    <height>200</height>
    <depth>1</depth>
  </size>
  <segmented>0</segmented>
  <object>
    <name>pitted_surface</name>
    <pose>Unspecified</pose>
    <truncated>0</truncated>
    <difficult>0</difficult>
    <bndbox>
      <xmin>4</xmin>
      <ymin>1</ymin>
      <xmax>183</xmax>
      <ymax>200</ymax>
    </bndbox>
  </object>
  <object>
    <name>pitted_surface</name>
    <pose>Unspecified</pose>
    <truncated>0</truncated>
    <difficult>0</difficult>
    <bndbox>
      <xmin>170</xmin>
      <ymin>54</ymin>
      <xmax>200</xmax>
      <ymax>199</ymax>
    </bndbox>
  </object>
</annotation>
