<annotation>
	<folder>ps</folder>
	<filename>pitted_surface_130.jpg</filename>
	<source>
		<database>NEU-DET</database>
	</source>
	<size>
		<width>200</width>
		<height>200</height>
		<depth>1</depth>
	</size>
	<segmented>0</segmented>
	<object>
		<name>pitted_surface</name>
		<pose>Unspecified</pose>
		<truncated>0</truncated>
		<difficult>0</difficult>
		<bndbox>
			<xmin>24</xmin>
			<ymin>38</ymin>
			<xmax>147</xmax>
			<ymax>195</ymax>
		</bndbox>
	</object>
	<object>
		<name>pitted_surface</name>
		<pose>Unspecified</pose>
		<truncated>1</truncated>
		<difficult>0</difficult>
		<bndbox>
			<xmin>171</xmin>
			<ymin>1</ymin>
			<xmax>199</xmax>
			<ymax>198</ymax>
		</bndbox>
	</object>
</annotation>
