<annotation>
  <folder>ps</folder>
  <filename>pitted_surface_101</filename>
  <source>
		<database>NEU-DET</database>
  </source>
  <size>
    <width>200</width>
    <height>200</height>
    <depth>1</depth>
  </size>
  <segmented>0</segmented>
  <object>
    <name>pitted_surface</name>
    <pose>Unspecified</pose>
    <truncated>0</truncated>
    <difficult>0</difficult>
    <bndbox>
      <xmin>76</xmin>
      <ymin>1</ymin>
      <xmax>153</xmax>
      <ymax>173</ymax>
    </bndbox>
  </object>
  <object>
    <name>pitted_surface</name>
    <pose>Unspecified</pose>
    <truncated>0</truncated>
    <difficult>0</difficult>
    <bndbox>
      <xmin>77</xmin>
      <ymin>176</ymin>
      <xmax>138</xmax>
      <ymax>200</ymax>
    </bndbox>
  </object>
  <object>
    <name>pitted_surface</name>
    <pose>Unspecified</pose>
    <truncated>0</truncated>
    <difficult>0</difficult>
    <bndbox>
      <xmin>155</xmin>
      <ymin>104</ymin>
      <xmax>200</xmax>
      <ymax>198</ymax>
    </bndbox>
  </object>
  <object>
    <name>pitted_surface</name>
    <pose>Unspecified</pose>
    <truncated>0</truncated>
    <difficult>0</difficult>
    <bndbox>
      <xmin>168</xmin>
      <ymin>1</ymin>
      <xmax>200</xmax>
      <ymax>30</ymax>
    </bndbox>
  </object>
</annotation>
