<annotation>
	<folder>ps</folder>
	<filename>pitted_surface_117.jpg</filename>
	<source>
		<database>NEU-DET</database>
	</source>
	<size>
		<width>200</width>
		<height>200</height>
		<depth>1</depth>
	</size>
	<segmented>0</segmented>
	<object>
		<name>pitted_surface</name>
		<pose>Unspecified</pose>
		<truncated>1</truncated>
		<difficult>0</difficult>
		<bndbox>
			<xmin>88</xmin>
			<ymin>9</ymin>
			<xmax>200</xmax>
			<ymax>198</ymax>
		</bndbox>
	</object>
	<object>
		<name>pitted_surface</name>
		<pose>Unspecified</pose>
		<truncated>0</truncated>
		<difficult>0</difficult>
		<bndbox>
			<xmin>20</xmin>
			<ymin>139</ymin>
			<xmax>107</xmax>
			<ymax>199</ymax>
		</bndbox>
	</object>
	<object>
		<name>pitted_surface</name>
		<pose>Unspecified</pose>
		<truncated>0</truncated>
		<difficult>0</difficult>
		<bndbox>
			<xmin>14</xmin>
			<ymin>18</ymin>
			<xmax>90</xmax>
			<ymax>197</ymax>
		</bndbox>
	</object>
</annotation>
