<annotation>
  <folder>ps</folder>
  <filename>pitted_surface_102</filename>
  <source>
		<database>NEU-DET</database>
  </source>
  <size>
    <width>200</width>
    <height>200</height>
    <depth>1</depth>
  </size>
  <segmented>0</segmented>
  <object>
    <name>pitted_surface</name>
    <pose>Unspecified</pose>
    <truncated>0</truncated>
    <difficult>0</difficult>
    <bndbox>
      <xmin>144</xmin>
      <ymin>1</ymin>
      <xmax>190</xmax>
      <ymax>20</ymax>
    </bndbox>
  </object>
  <object>
    <name>pitted_surface</name>
    <pose>Unspecified</pose>
    <truncated>0</truncated>
    <difficult>0</difficult>
    <bndbox>
      <xmin>161</xmin>
      <ymin>17</ymin>
      <xmax>199</xmax>
      <ymax>153</ymax>
    </bndbox>
  </object>
  <object>
    <name>pitted_surface</name>
    <pose>Unspecified</pose>
    <truncated>0</truncated>
    <difficult>0</difficult>
    <bndbox>
      <xmin>156</xmin>
      <ymin>158</ymin>
      <xmax>200</xmax>
      <ymax>199</ymax>
    </bndbox>
  </object>
  <object>
    <name>pitted_surface</name>
    <pose>Unspecified</pose>
    <truncated>0</truncated>
    <difficult>0</difficult>
    <bndbox>
      <xmin>88</xmin>
      <ymin>1</ymin>
      <xmax>147</xmax>
      <ymax>198</ymax>
    </bndbox>
  </object>
  <object>
    <name>pitted_surface</name>
    <pose>Unspecified</pose>
    <truncated>0</truncated>
    <difficult>0</difficult>
    <bndbox>
      <xmin>5</xmin>
      <ymin>11</ymin>
      <xmax>72</xmax>
      <ymax>192</ymax>
    </bndbox>
  </object>
</annotation>
