<annotation>
	<folder>ps</folder>
	<filename>pitted_surface_100.jpg</filename>
	<source>
		<database>NEU-DET</database>
	</source>
	<size>
		<width>200</width>
		<height>200</height>
		<depth>1</depth>
	</size>
	<segmented>0</segmented>
	<object>
		<name>pitted_surface</name>
		<pose>Unspecified</pose>
		<truncated>0</truncated>
		<difficult>0</difficult>
		<bndbox>
			<xmin>60</xmin>
			<ymin>6</ymin>
			<xmax>198</xmax>
			<ymax>198</ymax>
		</bndbox>
	</object>
	<object>
		<name>pitted_surface</name>
		<pose>Unspecified</pose>
		<truncated>0</truncated>
		<difficult>0</difficult>
		<bndbox>
			<xmin>2</xmin>
			<ymin>2</ymin>
			<xmax>50</xmax>
			<ymax>194</ymax>
		</bndbox>
	</object>
</annotation>
